zone,M,R,dir,events,mean_gross,mean_net,hit_rate,stacks
EARLY,15,15,1,1318,0.74949265,0.44949263,0.48937786,585
EARLY,15,15,-1,1557,0.14377937,-0.15622063,0.39820167,627
EARLY,15,30,1,1258,0.7713237,0.4713237,0.49602544,563
EARLY,15,30,-1,1496,0.273343,-0.026657017,0.4618984,626
EARLY,15,60,1,1240,0.9331438,0.6331438,0.5387097,577
EARLY,15,60,-1,1456,0.1018164,-0.19818361,0.47733516,605
EARLY,15,90,1,1229,1.1116449,0.8116449,0.55004066,563
EARLY,15,90,-1,1449,0.10287589,-0.19712411,0.45962733,606
EARLY,30,15,1,1088,0.6174739,0.3174739,0.48069853,525
EARLY,30,15,-1,1201,0.14038341,-0.1596166,0.44379684,557
EARLY,30,30,1,1070,0.86331505,0.56331503,0.5233645,519
EARLY,30,30,-1,1192,0.28938776,-0.010612252,0.48909396,556
EARLY,30,60,1,1050,0.94322896,0.64322895,0.50857145,509
EARLY,30,60,-1,1205,0.18775144,-0.11224857,0.4713693,550
EARLY,30,90,1,1071,1.000121,0.700121,0.53781515,505
EARLY,30,90,-1,1174,0.22938433,-0.07061568,0.49403748,555
EARLY,60,15,1,808,0.5491071,0.2491071,0.43935645,473
EARLY,60,15,-1,921,0.20000638,-0.099993624,0.40608034,498
EARLY,60,30,1,821,0.77000654,0.47000653,0.46041414,477
EARLY,60,30,-1,934,0.23570156,-0.06429845,0.42505354,493
EARLY,60,60,1,794,0.66285473,0.36285472,0.4534005,460
EARLY,60,60,-1,912,0.2389708,-0.06102921,0.45504385,497
EARLY,60,90,1,824,0.9926131,0.69261307,0.5121359,474
EARLY,60,90,-1,948,0.2444446,-0.055555426,0.46518987,517
PRE_MID,15,15,-1,1976,0.20537406,-0.09462595,0.44230768,1020
PRE_MID,15,15,1,2003,0.67065316,0.37065315,0.51422864,1015
PRE_MID,15,30,-1,1927,0.05550792,-0.24449208,0.44369486,991
PRE_MID,15,30,1,1985,1.0105925,0.71059245,0.5521411,998
PRE_MID,15,60,-1,1983,-0.07770327,-0.37770328,0.4609178,1011
PRE_MID,15,60,1,1996,1.1646152,0.86461514,0.55711424,988
PRE_MID,15,90,-1,1537,-0.17428729,-0.4742873,0.46258947,874
PRE_MID,15,90,1,1607,1.2578657,0.9578656,0.56876165,882
PRE_MID,30,15,1,1709,0.5622175,0.2622175,0.48624927,931
PRE_MID,30,15,-1,1781,0.06261168,-0.23738833,0.41718137,966
PRE_MID,30,30,-1,1796,0.00094317785,-0.29905683,0.43374166,966
PRE_MID,30,30,1,1700,0.9145791,0.6145791,0.5082353,932
PRE_MID,30,60,1,1523,1.0202576,0.72025764,0.5088641,860
PRE_MID,30,60,-1,1596,-0.013208847,-0.31320885,0.48057646,906
PRE_MID,30,90,1,1160,0.8664408,0.56644076,0.5017241,720
PRE_MID,30,90,-1,1139,-0.2961866,-0.5961866,0.45039508,737
PRE_MID,60,15,1,1890,0.47670567,0.17670567,0.42698413,972
PRE_MID,60,15,-1,2007,0.043871414,-0.2561286,0.36920777,1031
PRE_MID,60,30,1,1614,0.6747845,0.3747845,0.44671622,891
PRE_MID,60,30,-1,1690,-0.03624666,-0.33624667,0.40236688,938
PRE_MID,60,60,1,1085,0.8818813,0.5818813,0.4764977,680
PRE_MID,60,60,-1,1107,-0.14102961,-0.44102964,0.45980126,726
PRE_MID,60,90,1,587,1.2722526,0.9722526,0.5229983,413
PRE_MID,60,90,-1,575,-0.3901296,-0.69012964,0.43826088,435
PRE_LATE,15,15,1,2002,0.38779783,0.08779784,0.43506494,988
PRE_LATE,15,15,-1,1896,0.10875964,-0.19124037,0.4177215,988
PRE_LATE,15,30,1,1558,0.6280489,0.3280489,0.45571244,858
PRE_LATE,15,30,-1,1546,0.16750139,-0.1324986,0.42884865,868
PRE_LATE,15,60,1,253,1.9135716,1.6135716,0.56916994,205
PRE_LATE,15,60,-1,322,0.2052085,-0.09479152,0.5124224,278
PRE_LATE,30,15,1,1544,0.41840425,0.11840424,0.43199483,857
PRE_LATE,30,15,-1,1454,0.07235677,-0.22764324,0.37482807,812
PRE_LATE,30,30,1,945,0.42845926,0.12845926,0.42539683,604
PRE_LATE,30,30,-1,961,0.18376625,-0.11623377,0.39958376,602
PRE_LATE,60,15,1,547,0.2047203,-0.09527969,0.42595977,373
PRE_LATE,60,15,-1,587,0.090257,-0.20974301,0.36797273,397
OPEN,15,15,1,68944,0.08102418,-0.21897583,0.39517578,5619
OPEN,15,15,-1,74906,-0.0063130963,-0.3063131,0.36150643,5565
OPEN,15,30,1,68632,0.14038137,-0.15961863,0.44339377,5610
OPEN,15,30,-1,74617,-0.041132797,-0.3411328,0.39298016,5542
OPEN,15,60,1,67809,0.17482483,-0.12517516,0.46393546,5582
OPEN,15,60,-1,73867,-0.07397733,-0.37397733,0.4076922,5516
OPEN,15,90,1,67236,0.17475183,-0.12524818,0.47211316,5583
OPEN,15,90,-1,73266,-0.08312829,-0.3831283,0.4154178,5505
OPEN,30,15,1,68045,0.10621316,-0.19378684,0.36802116,5928
OPEN,30,15,-1,72732,0.008065905,-0.2919341,0.33916295,5658
OPEN,30,30,1,67847,0.087238185,-0.21276182,0.40084308,5899
OPEN,30,30,-1,72426,0.0056415605,-0.29435843,0.37367797,5639
OPEN,30,60,1,67257,0.13677303,-0.16322696,0.43470567,5883
OPEN,30,60,-1,71968,-0.004465392,-0.30446538,0.39341095,5619
OPEN,30,90,1,66920,0.14003596,-0.15996405,0.44385833,5893
OPEN,30,90,-1,71480,-0.008327012,-0.30832702,0.40684107,5620
OPEN,60,15,1,58962,0.09263481,-0.20736519,0.30745226,5938
OPEN,60,15,-1,62962,-0.0038625454,-0.30386254,0.27235475,5691
OPEN,60,30,1,58861,0.105670236,-0.19432977,0.36090112,5923
OPEN,60,30,-1,62856,0.026357664,-0.27364233,0.3279878,5690
OPEN,60,60,1,58544,0.10222651,-0.19777349,0.38789627,5922
OPEN,60,60,-1,62438,0.021250335,-0.27874967,0.3596528,5679
OPEN,60,90,1,58264,0.10326461,-0.1967354,0.4027015,5906
OPEN,60,90,-1,62157,0.022053953,-0.27794605,0.38208085,5654
MORNING,15,15,1,24164,0.15771599,-0.14228402,0.400927,4286
MORNING,15,15,-1,23305,0.095927574,-0.20407243,0.37742972,4317
MORNING,15,30,1,23909,0.18738857,-0.11261144,0.44159102,4264
MORNING,15,30,-1,23160,0.089768656,-0.21023135,0.41377375,4300
MORNING,15,60,1,23707,0.20653047,-0.09346954,0.45876744,4255
MORNING,15,60,-1,22986,0.08848455,-0.21151546,0.4357435,4289
MORNING,15,90,1,23510,0.21907893,-0.08092107,0.4653339,4231
MORNING,15,90,-1,22806,0.08389374,-0.21610627,0.4444883,4295
MORNING,30,15,1,26079,0.1456088,-0.1543912,0.36335748,4685
MORNING,30,15,-1,25490,0.0660949,-0.2339051,0.32859945,4776
MORNING,30,30,1,26034,0.13238786,-0.16761214,0.39632788,4682
MORNING,30,30,-1,25455,0.0813587,-0.2186413,0.37921822,4762
MORNING,30,60,1,25837,0.17315817,-0.12684183,0.42388824,4659
MORNING,30,60,-1,25318,0.09683212,-0.20316789,0.41026148,4739
MORNING,30,90,1,25663,0.17915317,-0.12084683,0.43697152,4645
MORNING,30,90,-1,25260,0.10957623,-0.19042377,0.42913696,4746
MORNING,60,15,1,24444,0.08949334,-0.21050666,0.3016282,4882
MORNING,60,15,-1,24365,0.044421215,-0.2555788,0.2704289,4937
MORNING,60,30,1,24376,0.12960392,-0.17039609,0.35522646,4878
MORNING,60,30,-1,24364,0.056034885,-0.24396512,0.32970777,4940
MORNING,60,60,1,24296,0.15852268,-0.14147732,0.39496213,4875
MORNING,60,60,-1,24336,0.08764472,-0.21235529,0.37619165,4939
MORNING,60,90,1,24235,0.14496963,-0.15503038,0.4120487,4855
MORNING,60,90,-1,24247,0.07573728,-0.22426273,0.3899864,4912
MIDDAY,15,15,1,15005,0.1768681,-0.12313191,0.41032988,3726
MIDDAY,15,15,-1,12901,0.18229383,-0.11770617,0.39679095,3637
MIDDAY,15,30,1,14954,0.23607828,-0.06392173,0.4543266,3718
MIDDAY,15,30,-1,12850,0.17516817,-0.124831825,0.42824903,3634
MIDDAY,15,60,1,14837,0.27340445,-0.02659556,0.47603962,3706
MIDDAY,15,60,-1,12770,0.18104984,-0.118950166,0.45105717,3615
MIDDAY,15,90,1,14960,0.28706527,-0.012934732,0.48589572,3712
MIDDAY,15,90,-1,12852,0.15010442,-0.14989558,0.45409274,3614
MIDDAY,30,15,1,15449,0.15548494,-0.14451505,0.37238657,4148
MIDDAY,30,15,-1,13385,0.12179711,-0.1782029,0.34583488,4033
MIDDAY,30,30,1,15476,0.19636156,-0.103638455,0.41903594,4143
MIDDAY,30,30,-1,13390,0.13591014,-0.16408986,0.3986557,4039
MIDDAY,30,60,1,15432,0.2087187,-0.091281295,0.44530845,4136
MIDDAY,30,60,-1,13367,0.09117641,-0.20882359,0.41430387,4036
MIDDAY,30,90,1,15515,0.23188862,-0.06811138,0.45929745,4144
MIDDAY,30,90,-1,13454,0.107877515,-0.19212249,0.4333284,4062
MIDDAY,60,15,1,15433,0.10353955,-0.19646046,0.31575197,4492
MIDDAY,60,15,-1,13954,0.05254696,-0.24745305,0.27884477,4437
MIDDAY,60,30,1,15451,0.14100018,-0.15899983,0.373115,4503
MIDDAY,60,30,-1,13953,0.042092655,-0.25790736,0.33326167,4447
MIDDAY,60,60,1,15500,0.14918838,-0.15081161,0.4167097,4493
MIDDAY,60,60,-1,14013,0.037467767,-0.26253223,0.37800613,4425
MIDDAY,60,90,1,12740,0.17829481,-0.1217052,0.43461537,4201
MIDDAY,60,90,-1,11502,0.038895782,-0.26110423,0.39871326,4064
AFTERNOON,15,15,1,10197,0.18512355,-0.11487646,0.4151221,3395
AFTERNOON,15,15,-1,8846,0.12545702,-0.17454298,0.39068505,3263
AFTERNOON,15,30,1,10233,0.2281885,-0.071811505,0.45538944,3389
AFTERNOON,15,30,-1,8862,0.12676816,-0.17323186,0.4271045,3279
AFTERNOON,15,60,1,6635,0.48510107,0.18510106,0.49977392,2901
AFTERNOON,15,60,-1,5737,0.20954053,-0.09045947,0.46888617,2769
AFTERNOON,15,90,1,3305,0.5164999,0.21649985,0.5131619,1955
AFTERNOON,15,90,-1,2984,-0.06120338,-0.36120337,0.43431637,1891
AFTERNOON,30,15,1,12080,0.13990113,-0.16009888,0.37400663,4192
AFTERNOON,30,15,-1,10744,0.071454495,-0.22854552,0.3554542,3855
AFTERNOON,30,30,1,9721,0.27647468,-0.02352532,0.4358605,3779
AFTERNOON,30,30,-1,8227,0.0698755,-0.2301245,0.40233377,3493
AFTERNOON,30,60,1,5562,0.5423638,0.24236383,0.487055,2888
AFTERNOON,30,60,-1,4958,0.14272167,-0.15727834,0.4308189,2799
AFTERNOON,30,90,1,2168,0.61516154,0.31516156,0.48477858,1584
AFTERNOON,30,90,-1,1928,0.07072257,-0.22927743,0.42271784,1436
AFTERNOON,60,15,1,9462,0.12000239,-0.17999761,0.34421897,4032
AFTERNOON,60,15,-1,8324,0.0541703,-0.2458297,0.30646324,3794
AFTERNOON,60,30,1,7078,0.2546462,-0.045353804,0.41113308,3501
AFTERNOON,60,30,-1,6150,0.048426025,-0.25157398,0.35479674,3344
AFTERNOON,60,60,1,3254,0.6486425,0.34864244,0.47787338,2255
AFTERNOON,60,60,-1,2965,0.112117685,-0.18788232,0.3966273,2167
POST,15,15,1,8979,0.0963565,-0.2036435,0.25002784,1913
POST,15,15,-1,8033,0.04277356,-0.25722644,0.25046682,1793
POST,15,30,1,7941,0.06527814,-0.23472187,0.22390127,1677
POST,15,30,-1,7039,0.033512484,-0.26648754,0.26566273,1616
POST,30,15,1,6338,0.0032813596,-0.29671866,0.1913853,1477
POST,30,15,-1,5634,0.06480381,-0.2351962,0.22648208,1427
