ticker,lvl2,n_peers,mean_corr,median_corr,best_peer,best_corr,worst_peer,worst_corr
GOLD,Materials,192,0.03789030333146582,0.0238717908327488,USGO,0.7379288873067822,NEXM,-0.8216268894495101
GORO,Materials,195,0.2766226041275728,0.3323455258141644,SLVM,0.889024382343059,KOP,-0.7083800158852479
GPK,Materials,195,0.1612859634965236,0.17832998746119172,NWPX,0.7724949239664607,WLK,-0.5699121146379368
GPRE,Renewable Energy,30,0.0012163003847838786,0.014977823611255707,TE,0.6068951199248585,PBK,-0.7641406737206838
GROY,Materials,194,0.3300405021945957,0.39356300244101206,SIM,0.9185179178066574,SDST,-0.619062309851882
GSM,Materials,195,0.07334622085227102,0.058654842286223904,GRO,0.8055571064328734,MT,-0.49541495699642346
GURE,Materials,184,-0.25912255535486,-0.3001512219001006,SSL,0.8296449724652009,MYE,-0.9748855564639792
GWH,Renewable Energy,30,0.155091961930614,0.1710892595370269,UFG,0.7726863959603788,GPRE,-0.41843244690024317
HBM,Materials,195,0.2106214929619454,0.2568768032556051,SGML,0.7941436177193986,OGG,-0.5830272631750604
HCC,Materials,195,0.1030805991686058,0.10578795284612294,SQM,0.8823990735913994,MUX,-0.5686321631442065
HL,Materials,194,0.14313704692402696,0.15667207630105723,LAC,0.7800890292288489,NC,-0.5744759827838171
HMY,Materials,195,0.028249078686783755,0.013816179593607468,ITRG,0.7768078747672867,MOS,-0.7493309734728005
HNRG,Materials,194,0.014113733241617882,-0.010453817922139756,TRX,0.8686698875584343,LWLG,-0.6269955056346624
HTOO,Renewable Energy,24,0.3836139473629447,0.5597927364362487,SPRU,0.9777738904069625,WAVE,-0.81587257146975
HUN,Materials,195,-0.07639105464133221,-0.03550912621716689,WDFC,0.5968490988179493,HNRG,-0.8068899567964337
HWKN,Materials,194,-0.13085557991131783,-0.12525274922563284,PRM,0.5199481667640807,NXE,-0.740143770932578
HYMC,Materials,195,0.07791868853889672,0.07807174644041896,HSLV,0.9660705307321619,SXC,-0.8757853145336669
IAG,Materials,195,0.1457296577725326,0.14798325584740163,SIM,0.8440934939716097,HUDI,-0.6974772707006368
ICL,Materials,195,-0.015015535689358171,-0.006873807968481689,LUD,0.7019264046940336,LAC,-0.7096987545279416
IDR,Materials,195,0.18863042820676007,0.15640532986422342,OR,0.9694178175788862,SIM,-0.7315509837360699
IE,Materials,191,0.3263747210778424,0.3973910435128734,KRT,0.9370156352831578,RMIX,-0.8335620104293257
IFF,Materials,195,0.14555264444550178,0.12381519106520324,SID,0.8341484802898902,INHD,-0.7038103951515872
IOSP,Materials,195,0.18342977422031387,0.2371814887272487,ISOU,0.810916957398947,PKX,-0.6050206819836517
IP,Materials,194,0.16923352676136094,0.19323157242472266,SW,0.8594905183053129,HMY,-0.552940690613926
IPI,Materials,195,0.1278674074888236,0.14362196683042644,ICL,0.6780629144222681,GRO,-0.5258070499941644
ITRG,Materials,194,0.5184529839877878,0.6071411585203166,UROY,0.9711580841472947,NTIC,-0.6725131233383114
JHX,Materials,195,0.18831551171502678,0.22834772084710145,SQM,0.8070131759691725,IONR,-0.5374916907029346
JKS,Renewable Energy,30,0.058786473199683685,0.0517813918471014,OPTT,0.4928708290573451,NEOV,-0.35505146509002583
KALU,Materials,195,0.040206110564219535,0.04063916987090114,TX,0.6939265416596561,SRL,-0.7277362534415078
KGC,Materials,185,-0.11711565378336632,-0.3621651068284053,IAG,0.9850660064494015,OEC,-0.9510451774675533
KNF,Materials,194,-0.30470472373194424,-0.35339240862701904,RYZ,0.5377738197791097,VALE,-0.8906002536691875
KOP,Materials,194,-0.04426176919611794,-0.04141233973150267,IAG,0.7382457325873769,LUD,-0.8024064417213325
KRO,Materials,195,0.06598220124793103,0.07312256256597971,TRX,0.6859008208331099,NTIC,-0.7375323222492242
KRT,Materials,194,0.1469860614419877,0.20032118326753962,UUUU,0.6672980514500263,GRO,-0.5846223180435938
KWR,Materials,195,0.11272202780784597,0.13550865906411655,SXT,0.6891956479586364,HSLV,-0.8352849078583003
LAC,Materials,194,0.11595041876943368,0.1484280434165723,STI,0.8348582736917924,NEM,-0.6820693139922543
LAR,Materials,195,-0.007470553153469278,-0.022891510114273362,LAC,0.8977485715966418,SIM,-0.7481378632345171
LEU,Materials,195,0.076899673599661,0.07530056446713244,LUD,0.7361767237883206,TTAM,-0.7460008314541531
LIN,Materials,195,0.003325252171835279,0.0008152327121050983,MGIH,0.6045633715012174,SIM,-0.8216962351710763
LODE,Renewable Energy,30,0.049076288711932016,0.09589465541843564,REX,0.546457225359375,LSE,-0.5687811945709782
LOMA,Materials,195,0.10904957337395355,0.13334310993358067,GPK,0.6624496820111807,WLK,-0.6945878077532979
LPX,Materials,195,0.0008241426429277086,-0.02579356555434174,USAU,0.6743972304312927,GOLD,-0.6959881870085823
LXU,Materials,194,-0.15928563873752333,-0.22209258765915568,SCL,0.6430963770854692,MTRN,-0.8135329127767312
LYB,Materials,195,0.12737968084543297,0.09259337889538459,PACK,0.8558822209038018,RETO,-0.5128209157956501
LZM,Materials,189,0.4009679304833741,0.5967057091117528,LAR,0.9889781827351931,NXTS,-0.8107099846108364
MAGN,Materials,195,0.09088545234394652,0.10202286147093034,OGC,0.846210055135459,SMX,-0.6482347377301027
MATV,Materials,195,0.06426684177042902,0.03952460272219696,HCC,0.7266072152553712,NAMM,-0.7288252873257187
